"","V1","V2"
"1","2016-07-19_256178610049_532_635_exp_autogain2-1_converted_GE1_Dec2014_MTF_EXP_1_1.txt","isolate_01_6HR_DHA_BRep2"
"2","2016-07-19_256178610049_532_635_exp_autogain2-1_converted_GE1_Dec2014_MTF_EXP_1_2.txt","isolate_17_6HR_DHA_BRep1"
"3","2016-07-19_256178610049_532_635_exp_autogain2-1_converted_GE1_Dec2014_MTF_EXP_1_3.txt","isolate_17_24HR_DHA_BRep1"
"4","2016-07-19_256178610049_532_635_exp_autogain2-1_converted_GE1_Dec2014_MTF_EXP_1_4.txt","isolate_21_6HR_UT_BRep2"
"5","2016-07-19_256178610049_532_635_exp_autogain2-1_converted_GE1_Dec2014_MTF_EXP_2_1.txt","isolate_07_24HR_DHA_BRep2"
"6","2016-07-19_256178610049_532_635_exp_autogain2-1_converted_GE1_Dec2014_MTF_EXP_2_2.txt","isolate_20_6HR_DHA_BRep2"
"7","2016-07-19_256178610049_532_635_exp_autogain2-1_converted_GE1_Dec2014_MTF_EXP_2_3.txt","isolate_02_24HR_UT_BRep2"
"8","2016-07-19_256178610049_532_635_exp_autogain2-1_converted_GE1_Dec2014_MTF_EXP_2_4.txt","isolate_17_24HR_UT_BRep2"
"9","2016-07-19_256178610050_532_635_exp_autogain2-1_converted_GE1_Dec2014_MTF_EXP_1_1.txt","isolate_25_6HR_UT_BRep2"
"10","2016-07-19_256178610050_532_635_exp_autogain2-1_converted_GE1_Dec2014_MTF_EXP_1_2.txt","isolate_17_24HR_UT_BRep1"
"11","2016-07-19_256178610050_532_635_exp_autogain2-1_converted_GE1_Dec2014_MTF_EXP_1_3.txt","isolate_06_24HR_UT_BRep1"
"12","2016-07-19_256178610050_532_635_exp_autogain2-1_converted_GE1_Dec2014_MTF_EXP_1_4.txt","isolate_08_24HR_DHA_BRep2"
"13","2016-07-19_256178610050_532_635_exp_autogain2-1_converted_GE1_Dec2014_MTF_EXP_2_3.txt","isolate_01_24HR_DHA_BRep1"
"14","2016-07-19_256178610050_532_635_exp_autogain2-1_converted_GE1_Dec2014_MTF_EXP_2_4.txt","isolate_08_6HR_UT_BRep2"
"15","2016-07-19_256178610051_532_635_exp_autogain2-1_converted_GE1_Dec2014_MTF_EXP_1_1.txt","isolate_06_24HR_DHA_BRep1"
"16","2016-07-19_256178610051_532_635_exp_autogain2-1_converted_GE1_Dec2014_MTF_EXP_1_2.txt","isolate_28_6HR_UT_BRep1"
"17","2016-07-19_256178610051_532_635_exp_autogain2-1_converted_GE1_Dec2014_MTF_EXP_1_3.txt","isolate_02_6HR_UT_BRep1"
"18","2016-07-19_256178610051_532_635_exp_autogain2-1_converted_GE1_Dec2014_MTF_EXP_1_4.txt","isolate_04_24HR_UT_BRep1"
"19","2016-07-19_256178610051_532_635_exp_autogain2-1_converted_GE1_Dec2014_MTF_EXP_2_2.txt","isolate_26_6HR_DHA_BRep1"
"20","2016-07-19_256178610051_532_635_exp_autogain2-1_converted_GE1_Dec2014_MTF_EXP_2_3.txt","isolate_30_24HR_DHA_BRep1"
"21","2016-07-19_256178610051_532_635_exp_autogain2-1_converted_GE1_Dec2014_MTF_EXP_2_4.txt","isolate_21_24HR_UT_BRep1"
"22","2016-07-19_256178610052_532_635_exp_autogain2-1_converted_GE1_Dec2014_MTF_EXP_1_1.txt","isolate_30_24HR_UT_BRep1"
"23","2016-07-19_256178610052_532_635_exp_autogain2-1_converted_GE1_Dec2014_MTF_EXP_1_3.txt","isolate_15_6HR_UT_BRep1"
"24","2016-07-19_256178610052_532_635_exp_autogain2-1_converted_GE1_Dec2014_MTF_EXP_1_4.txt","isolate_25_24HR_DHA_BRep1"
"25","2016-07-19_256178610052_532_635_exp_autogain2-1_converted_GE1_Dec2014_MTF_EXP_2_1.txt","isolate_20_6HR_UT_BRep2"
"26","2016-07-19_256178610052_532_635_exp_autogain2-1_converted_GE1_Dec2014_MTF_EXP_2_2.txt","isolate_07_24HR_UT_BRep2"
"27","2016-07-19_256178610052_532_635_exp_autogain2-1_converted_GE1_Dec2014_MTF_EXP_2_3.txt","isolate_04_6HR_UT_BRep2"
"28","2016-07-19_256178610052_532_635_exp_autogain2-1_converted_GE1_Dec2014_MTF_EXP_2_4.txt","isolate_01_6HR_DHA_BRep1"
"29","2016-07-19_256178610053_532_635_exp_autogain2-1_converted_GE1_Dec2014_MTF_EXP_1_1.txt","isolate_26_24HR_DHA_BRep1"
"30","2016-07-19_256178610053_532_635_exp_autogain2-1_converted_GE1_Dec2014_MTF_EXP_1_3.txt","isolate_18_24HR_DHA_BRep1"
"31","2016-07-19_256178610053_532_635_exp_autogain2-1_converted_GE1_Dec2014_MTF_EXP_1_4.txt","isolate_07_24HR_UT_BRep1"
"32","2016-07-19_256178610053_532_635_exp_autogain2-1_converted_GE1_Dec2014_MTF_EXP_2_2.txt","isolate_26_24HR_UT_BRep1"
"33","2016-07-19_256178610053_532_635_exp_autogain2-1_converted_GE1_Dec2014_MTF_EXP_2_3.txt","isolate_26_6HR_UT_BRep2"
"34","2016-07-19_256178610053_532_635_exp_autogain2-1_converted_GE1_Dec2014_MTF_EXP_2_4.txt","isolate_17_6HR_DHA_BRep2"
"35","2016-07-19_256178610054_532_635_exp_autogain2-1_converted_GE1_Dec2014_MTF_EXP_1_1.txt","isolate_02_24HR_DHA_BRep1"
"36","2016-07-19_256178610054_532_635_exp_autogain2-1_converted_GE1_Dec2014_MTF_EXP_1_2.txt","isolate_04_6HR_UT_BRep1"
"37","2016-07-19_256178610054_532_635_exp_autogain2-1_converted_GE1_Dec2014_MTF_EXP_1_3.txt","isolate_30_6HR_DHA_BRep1"
"38","2016-07-19_256178610054_532_635_exp_autogain2-1_converted_GE1_Dec2014_MTF_EXP_1_4.txt","isolate_08_24HR_DHA_BRep1"
"39","2016-07-19_256178610054_532_635_exp_autogain2-1_converted_GE1_Dec2014_MTF_EXP_2_1.txt","isolate_12_24HR_UT_BRep2"
"40","2016-07-19_256178610054_532_635_exp_autogain2-1_converted_GE1_Dec2014_MTF_EXP_2_2.txt","isolate_06_6HR_UT_BRep1"
"41","2016-07-19_256178610054_532_635_exp_autogain2-1_converted_GE1_Dec2014_MTF_EXP_2_3.txt","isolate_20_24HR_UT_BRep1"
"42","2016-07-19_256178610055_532_635_exp_autogain2-1_converted_GE1_Dec2014_MTF_EXP_1_2.txt","isolate_01_6HR_UT_BRep1"
"43","2016-07-19_256178610055_532_635_exp_autogain2-1_converted_GE1_Dec2014_MTF_EXP_1_3.txt","isolate_15_24HR_UT_BRep1"
"44","2016-07-19_256178610055_532_635_exp_autogain2-1_converted_GE1_Dec2014_MTF_EXP_2_1.txt","isolate_04_24HR_DHA_BRep2"
"45","2016-07-19_256178610055_532_635_exp_autogain2-1_converted_GE1_Dec2014_MTF_EXP_2_2.txt","isolate_18_6HR_DHA_BRep1"
"46","2016-07-19_256178610055_532_635_exp_autogain2-1_converted_GE1_Dec2014_MTF_EXP_2_3.txt","isolate_22_24HR_UT_BRep1"
"47","2016-07-19_256178610055_532_635_exp_autogain2-1_converted_GE1_Dec2014_MTF_EXP_2_4.txt","isolate_12_6HR_UT_BRep1"
"48","2016-07-22_256178610056_532_635_exp_autogain2-1_converted_GE1_Dec2014_MTF_EXP_1_1.txt","isolate_02_24HR_UT_BRep1"
"49","2016-07-22_256178610056_532_635_exp_autogain2-1_converted_GE1_Dec2014_MTF_EXP_1_2.txt","isolate_14_6HR_DHA_BRep1"
"50","2016-07-22_256178610056_532_635_exp_autogain2-1_converted_GE1_Dec2014_MTF_EXP_1_3.txt","isolate_06_24HR_UT_BRep2"
"51","2016-07-22_256178610056_532_635_exp_autogain2-1_converted_GE1_Dec2014_MTF_EXP_1_4.txt","isolate_21_6HR_DHA_BRep1"
"52","2016-07-22_256178610056_532_635_exp_autogain2-1_converted_GE1_Dec2014_MTF_EXP_2_1.txt","isolate_04_6HR_DHA_BRep2"
"53","2016-07-22_256178610056_532_635_exp_autogain2-1_converted_GE1_Dec2014_MTF_EXP_2_2.txt","isolate_14_24HR_DHA_BRep1"
"54","2016-07-22_256178610056_532_635_exp_autogain2-1_converted_GE1_Dec2014_MTF_EXP_2_3.txt","isolate_07_6HR_UT_BRep1"
"55","2016-07-22_256178610056_532_635_exp_autogain2-1_converted_GE1_Dec2014_MTF_EXP_2_4.txt","isolate_21_24HR_DHA_BRep1"
"56","2016-07-22_256178610057_532_635_exp_autogain2-1_converted_GE1_Dec2014_MTF_EXP_1_1.txt","isolate_28_6HR_DHA_BRep1"
"57","2016-07-22_256178610057_532_635_exp_autogain2-1_converted_GE1_Dec2014_MTF_EXP_1_2.txt","isolate_30_6HR_UT_BRep2"
"58","2016-07-22_256178610057_532_635_exp_autogain2-1_converted_GE1_Dec2014_MTF_EXP_1_3.txt","isolate_22_6HR_DHA_BRep2"
"59","2016-07-22_256178610057_532_635_exp_autogain2-1_converted_GE1_Dec2014_MTF_EXP_1_4.txt","isolate_29_24HR_UT_BRep1"
"60","2016-07-22_256178610057_532_635_exp_autogain2-1_converted_GE1_Dec2014_MTF_EXP_2_1.txt","isolate_02_6HR_DHA_BRep2"
"61","2016-07-22_256178610057_532_635_exp_autogain2-1_converted_GE1_Dec2014_MTF_EXP_2_2.txt","isolate_06_24HR_DHA_BRep2"
"62","2016-07-22_256178610057_532_635_exp_autogain2-1_converted_GE1_Dec2014_MTF_EXP_2_3.txt","isolate_02_6HR_UT_BRep2"
"63","2016-07-22_256178610057_532_635_exp_autogain2-1_converted_GE1_Dec2014_MTF_EXP_2_4.txt","isolate_14_24HR_UT_BRep1"
"64","2016-07-22_256178610058_532_635_exp_autogain2-1_converted_GE1_Dec2014_MTF_EXP_1_1.txt","isolate_22_24HR_UT_BRep2"
"65","2016-07-22_256178610058_532_635_exp_autogain2-1_converted_GE1_Dec2014_MTF_EXP_1_2.txt","isolate_26_24HR_UT_BRep2"
"66","2016-07-22_256178610058_532_635_exp_autogain2-1_converted_GE1_Dec2014_MTF_EXP_1_3.txt","isolate_04_6HR_DHA_BRep1"
"67","2016-07-22_256178610058_532_635_exp_autogain2-1_converted_GE1_Dec2014_MTF_EXP_1_4.txt","isolate_21_6HR_DHA_BRep2"
"68","2016-07-22_256178610058_532_635_exp_autogain2-1_converted_GE1_Dec2014_MTF_EXP_2_1.txt","isolate_20_24HR_DHA_BRep1"
"69","2016-07-22_256178610058_532_635_exp_autogain2-1_converted_GE1_Dec2014_MTF_EXP_2_2.txt","isolate_17_6HR_UT_BRep2"
"70","2016-07-22_256178610058_532_635_exp_autogain2-1_converted_GE1_Dec2014_MTF_EXP_2_3.txt","isolate_12_6HR_DHA_BRep1"
"71","2016-07-22_256178610058_532_635_exp_autogain2-1_converted_GE1_Dec2014_MTF_EXP_2_4.txt","isolate_11_24HR_DHA_BRep1"
"72","2016-07-22_256178610059_532_635_EXP_Autogain2-1_GE1_Dec2014_MTF_EXP_1_1.txt","isolate_08_24HR_UT_BRep1"
"73","2016-07-22_256178610059_532_635_EXP_Autogain2-1_GE1_Dec2014_MTF_EXP_1_2.txt","isolate_14_6HR_UT_BRep2"
"74","2016-07-22_256178610059_532_635_EXP_Autogain2-1_GE1_Dec2014_MTF_EXP_1_3.txt","isolate_07_24HR_DHA_BRep1"
"75","2016-07-22_256178610059_532_635_EXP_Autogain2-1_GE1_Dec2014_MTF_EXP_1_4.txt","isolate_11_6HR_DHA_BRep1"
"76","2016-07-22_256178610059_532_635_EXP_Autogain2-1_GE1_Dec2014_MTF_EXP_2_1.txt","isolate_26_24HR_DHA_BRep2"
"77","2016-07-22_256178610059_532_635_EXP_Autogain2-1_GE1_Dec2014_MTF_EXP_2_2.txt","isolate_08_6HR_DHA_BRep1"
"78","2016-07-22_256178610059_532_635_EXP_Autogain2-1_GE1_Dec2014_MTF_EXP_2_3.txt","isolate_21_6HR_UT_BRep1"
"79","2016-07-22_256178610060_532_635_exp_autogain2-1_converted_GE1_Dec2014_MTF_EXP_1_1.txt","isolate_25_6HR_DHA_BRep2"
"80","2016-07-22_256178610060_532_635_exp_autogain2-1_converted_GE1_Dec2014_MTF_EXP_1_3.txt","isolate_11_24HR_UT_BRep1"
"81","2016-07-22_256178610060_532_635_exp_autogain2-1_converted_GE1_Dec2014_MTF_EXP_1_4.txt","isolate_15_24HR_DHA_BRep1"
"82","2016-07-22_256178610060_532_635_exp_autogain2-1_converted_GE1_Dec2014_MTF_EXP_2_2.txt","isolate_22_24HR_DHA_BRep1"
"83","2016-07-22_256178610060_532_635_exp_autogain2-1_converted_GE1_Dec2014_MTF_EXP_2_3.txt","isolate_01_24HR_UT_BRep1"
"84","2016-07-22_256178610060_532_635_exp_autogain2-1_converted_GE1_Dec2014_MTF_EXP_2_4.txt","isolate_01_6HR_UT_BRep2"
"85","2016-07-22_256178610061_532_635_exp_autogain2-1_converted_GE1_Dec2014_MTF_EXP_1_1.txt","isolate_08_24HR_UT_BRep2"
"86","2016-07-22_256178610061_532_635_exp_autogain2-1_converted_GE1_Dec2014_MTF_EXP_1_2.txt","isolate_29_24HR_DHA_BRep1"
"87","2016-07-22_256178610061_532_635_exp_autogain2-1_converted_GE1_Dec2014_MTF_EXP_1_3.txt","isolate_06_6HR_DHA_BRep2"
"88","2016-07-22_256178610061_532_635_exp_autogain2-1_converted_GE1_Dec2014_MTF_EXP_1_4.txt","isolate_14_24HR_DHA_BRep2"
"89","2016-07-22_256178610061_532_635_exp_autogain2-1_converted_GE1_Dec2014_MTF_EXP_2_1.txt","isolate_26_6HR_UT_BRep1"
"90","2016-07-22_256178610061_532_635_exp_autogain2-1_converted_GE1_Dec2014_MTF_EXP_2_2.txt","isolate_30_6HR_UT_BRep1"
"91","2016-07-22_256178610061_532_635_exp_autogain2-1_converted_GE1_Dec2014_MTF_EXP_2_3.txt","isolate_04_24HR_DHA_BRep1"
"92","2016-07-22_256178610061_532_635_exp_autogain2-1_converted_GE1_Dec2014_MTF_EXP_2_4.txt","isolate_06_6HR_UT_BRep2"
"93","2016-07-22_256178610062_532_635_EXP_Autogain2-1_GE1_Dec2014_MTF_EXP_1_1.txt","isolate_17_24HR_DHA_BRep2"
"94","2016-07-22_256178610062_532_635_EXP_Autogain2-1_GE1_Dec2014_MTF_EXP_1_2.txt","isolate_20_24HR_DHA_BRep2"
"95","2016-07-22_256178610062_532_635_EXP_Autogain2-1_GE1_Dec2014_MTF_EXP_1_3.txt","isolate_20_6HR_DHA_BRep1"
"96","2016-07-22_256178610062_532_635_EXP_Autogain2-1_GE1_Dec2014_MTF_EXP_1_4.txt","isolate_07_6HR_DHA_BRep2"
"97","2016-07-22_256178610062_532_635_EXP_Autogain2-1_GE1_Dec2014_MTF_EXP_2_2.txt","isolate_22_24HR_DHA_BRep2"
"98","2016-07-22_256178610062_532_635_EXP_Autogain2-1_GE1_Dec2014_MTF_EXP_2_3.txt","isolate_21_24HR_UT_BRep2"
"99","2016-07-22_256178610062_532_635_EXP_Autogain2-1_GE1_Dec2014_MTF_EXP_2_4.txt","isolate_14_6HR_DHA_BRep2"
"100","2016-07-22_256178610063_532_635_EXP_Autogain2-1_GE1_Dec2014_MTF_EXP_1_1.txt","isolate_12_24HR_DHA_BRep1"
"101","2016-07-22_256178610063_532_635_EXP_Autogain2-1_GE1_Dec2014_MTF_EXP_1_2.txt","isolate_21_24HR_DHA_BRep2"
"102","2016-07-22_256178610063_532_635_EXP_Autogain2-1_GE1_Dec2014_MTF_EXP_1_3.txt","isolate_20_24HR_UT_BRep2"
"103","2016-07-22_256178610063_532_635_EXP_Autogain2-1_GE1_Dec2014_MTF_EXP_1_4.txt","isolate_01_24HR_DHA_BRep2"
"104","2016-07-22_256178610063_532_635_EXP_Autogain2-1_GE1_Dec2014_MTF_EXP_2_1.txt","isolate_07_6HR_UT_BRep2"
"105","2016-07-22_256178610063_532_635_EXP_Autogain2-1_GE1_Dec2014_MTF_EXP_2_2.txt","isolate_25_24HR_UT_BRep2"
"106","2016-07-22_256178610063_532_635_EXP_Autogain2-1_GE1_Dec2014_MTF_EXP_2_3.txt","isolate_14_24HR_UT_BRep2"
"107","2016-07-22_256178610063_532_635_EXP_Autogain2-1_GE1_Dec2014_MTF_EXP_2_4.txt","isolate_12_24HR_UT_BRep1"
"108","2016-07-28_256178610065_532_635_EXP_Autogain2-1_GE1_Dec2014_MTF_EXP_1_1.txt","isolate_15_6HR_UT_BRep2"
"109","2016-07-28_256178610065_532_635_EXP_Autogain2-1_GE1_Dec2014_MTF_EXP_1_2.txt","isolate_27_24HR_UT_BRep1"
"110","2016-07-28_256178610065_532_635_EXP_Autogain2-1_GE1_Dec2014_MTF_EXP_1_3.txt","isolate_29_24HR_DHA_BRep2"
"111","2016-07-28_256178610065_532_635_EXP_Autogain2-1_GE1_Dec2014_MTF_EXP_1_4.txt","isolate_22_6HR_DHA_BRep1"
"112","2016-07-28_256178610065_532_635_EXP_Autogain2-1_GE1_Dec2014_MTF_EXP_2_1.txt","isolate_29_6HR_UT_BRep1"
"113","2016-07-28_256178610065_532_635_EXP_Autogain2-1_GE1_Dec2014_MTF_EXP_2_2.txt","isolate_54_24HR_UT_BRep1"
"114","2016-07-28_256178610065_532_635_EXP_Autogain2-1_GE1_Dec2014_MTF_EXP_2_3.txt","isolate_15_6HR_DHA_BRep2"
"115","2016-07-28_256178610065_532_635_EXP_Autogain2-1_GE1_Dec2014_MTF_EXP_2_4.txt","isolate_41_6HR_DHA_BRep1"
"116","2016-07-28_256178610066_532_635_EXP_Autogain2-1_GE1_Dec2014_MTF_EXP_1_1.txt","isolate_12_6HR_UT_BRep2"
"117","2016-07-28_256178610066_532_635_EXP_Autogain2-1_GE1_Dec2014_MTF_EXP_1_2.txt","isolate_02_6HR_DHA_BRep1"
"118","2016-07-28_256178610066_532_635_EXP_Autogain2-1_GE1_Dec2014_MTF_EXP_1_3.txt","isolate_22_6HR_UT_BRep1"
"119","2016-07-28_256178610066_532_635_EXP_Autogain2-1_GE1_Dec2014_MTF_EXP_1_4.txt","isolate_55_6HR_DHA_BRep2"
"120","2016-07-28_256178610066_532_635_EXP_Autogain2-1_GE1_Dec2014_MTF_EXP_2_1.txt","isolate_28_24HR_DHA_BRep2"
"121","2016-07-28_256178610066_532_635_EXP_Autogain2-1_GE1_Dec2014_MTF_EXP_2_2.txt","isolate_29_24HR_UT_BRep2"
"122","2016-07-28_256178610066_532_635_EXP_Autogain2-1_GE1_Dec2014_MTF_EXP_2_4.txt","isolate_15_24HR_DHA_BRep2"
"123","2016-07-28_256178610067_532_635_EXP_Autogain2-1_GE1_1200_Jun14_1_1.txt","isolate_29_6HR_DHA_BRep1"
"124","2016-07-28_256178610067_532_635_EXP_Autogain2-1_GE1_1200_Jun14_1_2.txt","isolate_49_6HR_UT_BRep1"
"125","2016-07-28_256178610067_532_635_EXP_Autogain2-1_GE1_1200_Jun14_1_3.txt","isolate_12_6HR_DHA_BRep2"
"126","2016-07-28_256178610067_532_635_EXP_Autogain2-1_GE1_1200_Jun14_1_4.txt","isolate_29_6HR_DHA_BRep2"
"127","2016-07-28_256178610067_532_635_EXP_Autogain2-1_GE1_1200_Jun14_2_1.txt","isolate_28_24HR_UT_BRep2"
"128","2016-07-28_256178610067_532_635_EXP_Autogain2-1_GE1_1200_Jun14_2_2.txt","isolate_15_24HR_UT_BRep2"
"129","2016-07-28_256178610067_532_635_EXP_Autogain2-1_GE1_1200_Jun14_2_3.txt","isolate_45_24HR_UT_BRep1"
"130","2016-07-28_256178610101_532_635_EXP_Autogain2-1_GE1_Dec2014_MTF_EXP_1_1.txt","isolate_29_6HR_UT_BRep2"
"131","2016-07-28_256178610101_532_635_EXP_Autogain2-1_GE1_Dec2014_MTF_EXP_1_2.txt","isolate_28_24HR_UT_BRep1"
"132","2016-07-28_256178610101_532_635_EXP_Autogain2-1_GE1_Dec2014_MTF_EXP_1_3.txt","isolate_30_6HR_DHA_BRep2"
"133","2016-07-28_256178610101_532_635_EXP_Autogain2-1_GE1_Dec2014_MTF_EXP_1_4.txt","isolate_12_24HR_DHA_BRep2"
"134","2016-07-28_256178610101_532_635_EXP_Autogain2-1_GE1_Dec2014_MTF_EXP_2_1.txt","isolate_04_24HR_UT_BRep2"
"135","2016-07-28_256178610101_532_635_EXP_Autogain2-1_GE1_Dec2014_MTF_EXP_2_2.txt","isolate_25_24HR_DHA_BRep2"
"136","2016-07-28_256178610101_532_635_EXP_Autogain2-1_GE1_Dec2014_MTF_EXP_2_3.txt","isolate_18_6HR_UT_BRep1"
"137","2016-07-28_256178610101_532_635_EXP_Autogain2-1_GE1_Dec2014_MTF_EXP_2_4.txt","isolate_06_6HR_DHA_BRep1"
"138","2016-08-18_256178610102_532_635_EXP_Autogain_GE1_Dec2014_MTF_EXP_1_1.txt","isolate_45_24HR_DHA_BRep1"
"139","2016-08-18_256178610102_532_635_EXP_Autogain_GE1_Dec2014_MTF_EXP_1_2.txt","isolate_18_6HR_UT_BRep2"
"140","2016-08-18_256178610102_532_635_EXP_Autogain_GE1_Dec2014_MTF_EXP_1_3.txt","isolate_34_6HR_UT_BRep1"
"141","2016-08-18_256178610102_532_635_EXP_Autogain_GE1_Dec2014_MTF_EXP_1_4.txt","isolate_48_6HR_DHA_BRep1"
"142","2016-08-18_256178610102_532_635_EXP_Autogain_GE1_Dec2014_MTF_EXP_2_1.txt","isolate_45_6HR_UT_BRep1"
"143","2016-08-18_256178610102_532_635_EXP_Autogain_GE1_Dec2014_MTF_EXP_2_2.txt","isolate_14_6HR_UT_BRep1"
"144","2016-08-18_256178610102_532_635_EXP_Autogain_GE1_Dec2014_MTF_EXP_2_3.txt","isolate_55_6HR_DHA_BRep1"
"145","2016-08-18_256178610102_532_635_EXP_Autogain_GE1_Dec2014_MTF_EXP_2_4.txt","isolate_55_24HR_DHA_BRep1"
"146","2016-08-18_256178610103_532_635_EXP_Autogain_GE1_Dec2014_MTF_EXP_1_1.txt","isolate_48_24HR_DHA_BRep1"
"147","2016-08-18_256178610103_532_635_EXP_Autogain_GE1_Dec2014_MTF_EXP_1_2.txt","isolate_18_6HR_DHA_BRep2"
"148","2016-08-18_256178610103_532_635_EXP_Autogain_GE1_Dec2014_MTF_EXP_1_3.txt","isolate_15_6HR_DHA_BRep1"
"149","2016-08-18_256178610103_532_635_EXP_Autogain_GE1_Dec2014_MTF_EXP_1_4.txt","isolate_27_6HR_DHA_BRep1"
"150","2016-08-18_256178610103_532_635_EXP_Autogain_GE1_Dec2014_MTF_EXP_2_1.txt","isolate_55_6HR_UT_BRep1"
"151","2016-08-18_256178610103_532_635_EXP_Autogain_GE1_Dec2014_MTF_EXP_2_2.txt","isolate_41_24HR_UT_BRep1"
"152","2016-08-18_256178610103_532_635_EXP_Autogain_GE1_Dec2014_MTF_EXP_2_3.txt","isolate_27_6HR_UT_BRep1"
"153","2016-08-18_256178610103_532_635_EXP_Autogain_GE1_Dec2014_MTF_EXP_2_4.txt","isolate_11_24HR_UT_BRep2"
"154","2016-08-18_256178610104_532_635_EXP_Autogain_GE1_Dec2014_MTF_EXP_1_1.txt","isolate_55_24HR_UT_BRep1"
"155","2016-08-18_256178610104_532_635_EXP_Autogain_GE1_Dec2014_MTF_EXP_1_2.txt","isolate_48_6HR_UT_BRep1"
"156","2016-08-18_256178610104_532_635_EXP_Autogain_GE1_Dec2014_MTF_EXP_1_3.txt","isolate_34_6HR_DHA_BRep1"
"157","2016-08-18_256178610104_532_635_EXP_Autogain_GE1_Dec2014_MTF_EXP_1_4.txt","isolate_26_6HR_DHA_BRep2"
"158","2016-08-18_256178610104_532_635_EXP_Autogain_GE1_Dec2014_MTF_EXP_2_1.txt","isolate_49_24HR_UT_BRep1"
"159","2016-08-18_256178610104_532_635_EXP_Autogain_GE1_Dec2014_MTF_EXP_2_2.txt","isolate_11_6HR_UT_BRep2"
"160","2016-08-18_256178610104_532_635_EXP_Autogain_GE1_Dec2014_MTF_EXP_2_3.txt","isolate_48_24HR_UT_BRep1"
"161","2016-08-18_256178610104_532_635_EXP_Autogain_GE1_Dec2014_MTF_EXP_2_4.txt","isolate_22_6HR_UT_BRep2"
"162","2016-08-18_256178610105_532_635_EXP_Autogain_GE1_Dec2014_MTF_EXP_1_1.txt","isolate_11_6HR_DHA_BRep2"
"163","2016-08-18_256178610105_532_635_EXP_Autogain_GE1_Dec2014_MTF_EXP_1_2.txt","isolate_28_24HR_DHA_BRep1"
"164","2016-08-18_256178610105_532_635_EXP_Autogain_GE1_Dec2014_MTF_EXP_1_3.txt","isolate_49_24HR_DHA_BRep1"
"165","2016-08-18_256178610105_532_635_EXP_Autogain_GE1_Dec2014_MTF_EXP_1_4.txt","isolate_52_24HR_DHA_BRep1"
"166","2016-08-18_256178610105_532_635_EXP_Autogain_GE1_Dec2014_MTF_EXP_2_1.txt","isolate_52_24HR_UT_BRep1"
"167","2016-08-18_256178610105_532_635_EXP_Autogain_GE1_Dec2014_MTF_EXP_2_2.txt","isolate_11_24HR_DHA_BRep2"
"168","2016-08-18_256178610105_532_635_EXP_Autogain_GE1_Dec2014_MTF_EXP_2_3.txt","isolate_18_24HR_UT_BRep2"
"169","2016-08-18_256178610105_532_635_EXP_Autogain_GE1_Dec2014_MTF_EXP_2_4.txt","isolate_18_24HR_DHA_BRep2"
"170","2016-09-30_256178610129_532_635_EXP_Autogain2-1_GE1_Dec2014_MTF_EXP_1_1.txt","isolate_02_24HR_DHA_BRep2"
"171","2016-09-30_256178610129_532_635_EXP_Autogain2-1_GE1_Dec2014_MTF_EXP_1_2.txt","isolate_30_24HR_UT_BRep2"
"172","2016-09-30_256178610129_532_635_EXP_Autogain2-1_GE1_Dec2014_MTF_EXP_1_3.txt","isolate_28_6HR_UT_BRep2"
"173","2016-09-30_256178610129_532_635_EXP_Autogain2-1_GE1_Dec2014_MTF_EXP_1_4.txt","isolate_11_6HR_UT_BRep1"
"174","2016-09-30_256178610129_532_635_EXP_Autogain2-1_GE1_Dec2014_MTF_EXP_2_1.txt","isolate_25_24HR_UT_BRep1"
"175","2016-09-30_256178610129_532_635_EXP_Autogain2-1_GE1_Dec2014_MTF_EXP_2_2.txt","isolate_30_24HR_DHA_BRep2"
"176","2016-09-30_256178610129_532_635_EXP_Autogain2-1_GE1_Dec2014_MTF_EXP_2_3.txt","isolate_28_6HR_DHA_BRep2"
"177","2016-09-30_256178610129_532_635_EXP_Autogain2-1_GE1_Dec2014_MTF_EXP_2_4.txt","isolate_08_6HR_UT_BRep1"
"178","2016-09-30_256178610130_532_635_EXP_Autogain2-1_GE1_Dec2014_MTF_EXP_1_1.txt","isolate_17_6HR_UT_BRep1"
"179","2016-09-30_256178610130_532_635_EXP_Autogain2-1_GE1_Dec2014_MTF_EXP_1_2.txt","isolate_18_24HR_UT_BRep1"
"180","2016-09-30_256178610130_532_635_EXP_Autogain2-1_GE1_Dec2014_MTF_EXP_1_3.txt","isolate_01_24HR_UT_BRep2"
"181","2016-09-30_256178610130_532_635_EXP_Autogain2-1_GE1_Dec2014_MTF_EXP_1_4.txt","isolate_20_6HR_UT_BRep1"
"182","2016-09-30_256178610130_532_635_EXP_Autogain2-1_GE1_Dec2014_MTF_EXP_2_1.txt","isolate_25_6HR_UT_BRep1"
"183","2016-09-30_256178610130_532_635_EXP_Autogain2-1_GE1_Dec2014_MTF_EXP_2_2.txt","isolate_07_6HR_DHA_BRep1"
"184","2016-09-30_256178610130_532_635_EXP_Autogain2-1_GE1_Dec2014_MTF_EXP_2_3.txt","isolate_08_6HR_DHA_BRep2"
"185","2016-09-30_256178610130_532_635_EXP_Autogain2-1_GE1_Dec2014_MTF_EXP_2_4.txt","isolate_25_6HR_DHA_BRep1"
"186","2017-03-17_256178610117_532_635_EXP_Autogain2-1_GE1_Dec2014_MTF_EXP_1_1.txt","isolate_34_24HR_DHA_BRep2"
"187","2017-03-17_256178610117_532_635_EXP_Autogain2-1_GE1_Dec2014_MTF_EXP_1_2.txt","isolate_42_24HR_UT_BRep1"
"188","2017-03-17_256178610117_532_635_EXP_Autogain2-1_GE1_Dec2014_MTF_EXP_1_3.txt","isolate_27_6HR_UT_BRep2"
"189","2017-03-17_256178610117_532_635_EXP_Autogain2-1_GE1_Dec2014_MTF_EXP_1_4.txt","isolate_49_24HR_DHA_BRep2"
"190","2017-03-17_256178610117_532_635_EXP_Autogain2-1_GE1_Dec2014_MTF_EXP_2_1.txt","isolate_42_6HR_UT_BRep2"
"191","2017-03-17_256178610117_532_635_EXP_Autogain2-1_GE1_Dec2014_MTF_EXP_2_2.txt","isolate_54_24HR_DHA_BRep2"
"192","2017-03-17_256178610117_532_635_EXP_Autogain2-1_GE1_Dec2014_MTF_EXP_2_3.txt","isolate_45_24HR_UT_BRep2"
"193","2017-03-17_256178610117_532_635_EXP_Autogain2-1_GE1_Dec2014_MTF_EXP_2_4.txt","isolate_41_24HR_DHA_BRep2"
"194","2017-03-17_256178610118_532_635_EXP_Autogain2-1_GE1_Dec2014_MTF_EXP_1_1.txt","isolate_54_6HR_UT_BRep2"
"195","2017-03-17_256178610118_532_635_EXP_Autogain2-1_GE1_Dec2014_MTF_EXP_1_2.txt","isolate_27_24HR_UT_BRep2"
"196","2017-03-17_256178610118_532_635_EXP_Autogain2-1_GE1_Dec2014_MTF_EXP_1_3.txt","isolate_49_6HR_DHA_BRep2"
"197","2017-03-17_256178610118_532_635_EXP_Autogain2-1_GE1_Dec2014_MTF_EXP_1_4.txt","isolate_42_6HR_DHA_BRep2"
"198","2017-03-17_256178610118_532_635_EXP_Autogain2-1_GE1_Dec2014_MTF_EXP_2_1.txt","isolate_42_6HR_DHA_BRep1"
"199","2017-03-17_256178610118_532_635_EXP_Autogain2-1_GE1_Dec2014_MTF_EXP_2_2.txt","isolate_41_6HR_DHA_BRep2"
"200","2017-03-17_256178610118_532_635_EXP_Autogain2-1_GE1_Dec2014_MTF_EXP_2_3.txt","isolate_41_6HR_UT_BRep1"
"201","2017-03-17_256178610118_532_635_EXP_Autogain2-1_GE1_Dec2014_MTF_EXP_2_4.txt","isolate_52_6HR_DHA_BRep2"
"202","2017-03-17_256178610119_532_635_EXP_Autogain2-1_GE1_Dec2014_MTF_EXP_1_1.txt","isolate_42_24HR_DHA_BRep2"
"203","2017-03-17_256178610119_532_635_EXP_Autogain2-1_GE1_Dec2014_MTF_EXP_1_2.txt","isolate_34_24HR_DHA_BRep1"
"204","2017-03-17_256178610119_532_635_EXP_Autogain2-1_GE1_Dec2014_MTF_EXP_1_3.txt","isolate_52_6HR_UT_BRep2"
"205","2017-03-17_256178610119_532_635_EXP_Autogain2-1_GE1_Dec2014_MTF_EXP_1_4.txt","isolate_52_24HR_UT_BRep2"
"206","2017-03-17_256178610119_532_635_EXP_Autogain2-1_GE1_Dec2014_MTF_EXP_2_1.txt","isolate_54_6HR_DHA_BRep2"
"207","2017-03-17_256178610119_532_635_EXP_Autogain2-1_GE1_Dec2014_MTF_EXP_2_2.txt","isolate_54_24HR_DHA_BRep1"
"208","2017-03-17_256178610119_532_635_EXP_Autogain2-1_GE1_Dec2014_MTF_EXP_2_3.txt","isolate_34_24HR_UT_BRep2"
"209","2017-03-17_256178610119_532_635_EXP_Autogain2-1_GE1_Dec2014_MTF_EXP_2_4.txt","isolate_52_6HR_UT_BRep1"
"210","2017-03-17_256178610120_532_635_EXP_Autogain2-1_GE1_Dec2014_MTF_EXP_1_1.txt","isolate_54_24HR_UT_BRep2"
"211","2017-03-17_256178610120_532_635_EXP_Autogain2-1_GE1_Dec2014_MTF_EXP_1_2.txt","isolate_55_24HR_DHA_BRep2"
"212","2017-03-17_256178610120_532_635_EXP_Autogain2-1_GE1_Dec2014_MTF_EXP_1_3.txt","isolate_54_6HR_DHA_BRep1"
"213","2017-03-17_256178610120_532_635_EXP_Autogain2-1_GE1_Dec2014_MTF_EXP_1_4.txt","isolate_41_6HR_UT_BRep2"
"214","2017-03-17_256178610120_532_635_EXP_Autogain2-1_GE1_Dec2014_MTF_EXP_2_1.txt","isolate_27_6HR_DHA_BRep2"
"215","2017-03-17_256178610120_532_635_EXP_Autogain2-1_GE1_Dec2014_MTF_EXP_2_2.txt","isolate_54_6HR_UT_BRep1"
"216","2017-03-17_256178610120_532_635_EXP_Autogain2-1_GE1_Dec2014_MTF_EXP_2_3.txt","isolate_52_6HR_DHA_BRep1"
"217","2017-03-17_256178610120_532_635_EXP_Autogain2-1_GE1_Dec2014_MTF_EXP_2_4.txt","isolate_45_24HR_DHA_BRep2"
"218","2017-04-05_256178610121_532_635_EXP_Autogain2-1_GE1_Dec2014_MTF_EXP_1_1.txt","isolate_48_24HR_UT_BRep2"
"219","2017-04-05_256178610121_532_635_EXP_Autogain2-1_GE1_Dec2014_MTF_EXP_1_3.txt","isolate_42_24HR_DHA_BRep1"
"220","2017-04-05_256178610121_532_635_EXP_Autogain2-1_GE1_Dec2014_MTF_EXP_1_4.txt","isolate_49_6HR_DHA_BRep1"
"221","2017-04-05_256178610121_532_635_EXP_Autogain2-1_GE1_Dec2014_MTF_EXP_2_1.txt","isolate_41_24HR_DHA_BRep1"
"222","2017-04-05_256178610121_532_635_EXP_Autogain2-1_GE1_Dec2014_MTF_EXP_2_2.txt","isolate_48_6HR_DHA_BRep2"
"223","2017-04-05_256178610121_532_635_EXP_Autogain2-1_GE1_Dec2014_MTF_EXP_2_3.txt","isolate_45_6HR_UT_BRep2"
"224","2017-04-05_256178610121_532_635_EXP_Autogain2-1_GE1_Dec2014_MTF_EXP_2_4.txt","isolate_48_24HR_DHA_BRep2"
"225","2017-04-05_256178610122_532_635_EXP_Autogain2-1_GE1_Dec2014_MTF_EXP_1_1.txt","isolate_34_6HR_DHA_BRep2"
"226","2017-04-05_256178610122_532_635_EXP_Autogain2-1_GE1_Dec2014_MTF_EXP_1_2.txt","isolate_45_6HR_DHA_BRep2"
"227","2017-04-05_256178610122_532_635_EXP_Autogain2-1_GE1_Dec2014_MTF_EXP_1_3.txt","isolate_42_6HR_UT_BRep1"
"228","2017-04-05_256178610122_532_635_EXP_Autogain2-1_GE1_Dec2014_MTF_EXP_1_4.txt","isolate_52_24HR_DHA_BRep2"
"229","2017-04-05_256178610122_532_635_EXP_Autogain2-1_GE1_Dec2014_MTF_EXP_2_1.txt","isolate_34_24HR_UT_BRep1"
"230","2017-04-05_256178610122_532_635_EXP_Autogain2-1_GE1_Dec2014_MTF_EXP_2_2.txt","isolate_42_24HR_UT_BRep2"
"231","2017-04-05_256178610122_532_635_EXP_Autogain2-1_GE1_Dec2014_MTF_EXP_2_3.txt","isolate_49_6HR_UT_BRep2"
"232","2017-04-05_256178610122_532_635_EXP_Autogain2-1_GE1_Dec2014_MTF_EXP_2_4.txt","isolate_55_6HR_UT_BRep2"
"233","2017-04-05_256178610123_532_635_EXP_Autogain2-1_GE1_Dec2014_MTF_EXP_1_1.txt","isolate_27_24HR_DHA_BRep1"
"234","2017-04-05_256178610123_532_635_EXP_Autogain2-1_GE1_Dec2014_MTF_EXP_1_2.txt","isolate_41_24HR_UT_BRep2"
"235","2017-04-05_256178610123_532_635_EXP_Autogain2-1_GE1_Dec2014_MTF_EXP_1_3.txt","isolate_49_24HR_UT_BRep2"
"236","2017-04-05_256178610123_532_635_EXP_Autogain2-1_GE1_Dec2014_MTF_EXP_1_4.txt","isolate_45_6HR_DHA_BRep1"
"237","2017-04-05_256178610123_532_635_EXP_Autogain2-1_GE1_Dec2014_MTF_EXP_2_1.txt","isolate_27_24HR_DHA_BRep2"
"238","2017-04-05_256178610123_532_635_EXP_Autogain2-1_GE1_Dec2014_MTF_EXP_2_2.txt","isolate_55_24HR_UT_BRep2"
"239","2017-04-05_256178610123_532_635_EXP_Autogain2-1_GE1_Dec2014_MTF_EXP_2_4.txt","isolate_48_6HR_UT_BRep2"
"240","256178610177_Ferdig_Agilent_5.11.18_S01_GE1_Dec2014_MTF_EXP_1_1.txt","isolate_31_6HR_UT_BRep2"
"241","256178610177_Ferdig_Agilent_5.11.18_S01_GE1_Dec2014_MTF_EXP_1_2.txt","isolate_39_24HR_UT_BRep1"
"242","256178610177_Ferdig_Agilent_5.11.18_S01_GE1_Dec2014_MTF_EXP_1_3.txt","isolate_36_6HR_UT_BRep2"
"243","256178610177_Ferdig_Agilent_5.11.18_S01_GE1_Dec2014_MTF_EXP_1_4.txt","isolate_51_24HR_UT_BRep2"
"244","256178610177_Ferdig_Agilent_5.11.18_S01_GE1_Dec2014_MTF_EXP_2_1.txt","isolate_36_6HR_UT_BRep1"
"245","256178610177_Ferdig_Agilent_5.11.18_S01_GE1_Dec2014_MTF_EXP_2_2.txt","isolate_47_24HR_UT_BRep2"
"246","256178610177_Ferdig_Agilent_5.11.18_S01_GE1_Dec2014_MTF_EXP_2_3.txt","isolate_44_6HR_UT_BRep2"
"247","256178610177_Ferdig_Agilent_5.11.18_S01_GE1_Dec2014_MTF_EXP_2_4.txt","isolate_19_24HR_DHA_BRep1"
"248","256178610178_Ferdig_Agilent_5.11.18_S01_GE1_Dec2014_MTF_EXP_2_1.txt","isolate_23_24HR_UT_BRep2"
"249","256178610178_Ferdig_Agilent_5.11.18_S01_GE1_Dec2014_MTF_EXP_2_2.txt","isolate_27_6HR_DHA_BRep3"
"250","256178610178_Ferdig_Agilent_5.11.18_S01_GE1_Dec2014_MTF_EXP_2_3.txt","isolate_39_24HR_UT_BRep2"
"251","256178610178_Ferdig_Agilent_5.11.18_S01_GE1_Dec2014_MTF_EXP_2_4.txt","isolate_10_6HR_DHA_BRep1"
"252","256178610179_Ferdig_Agilent_5.11.18_S01_GE1_Dec2014_MTF_EXP_1_1.txt","isolate_09_24HR_DHA_BRep2"
"253","256178610179_Ferdig_Agilent_5.11.18_S01_GE1_Dec2014_MTF_EXP_1_2.txt","isolate_35_24HR_UT_BRep2"
"254","256178610179_Ferdig_Agilent_5.11.18_S01_GE1_Dec2014_MTF_EXP_1_3.txt","isolate_35_6HR_UT_BRep2"
"255","256178610179_Ferdig_Agilent_5.11.18_S01_GE1_Dec2014_MTF_EXP_1_4.txt","isolate_38_6HR_DHA_BRep2"
"256","256178610179_Ferdig_Agilent_5.11.18_S01_GE1_Dec2014_MTF_EXP_2_1.txt","isolate_31_24HR_UT_BRep1"
"257","256178610179_Ferdig_Agilent_5.11.18_S01_GE1_Dec2014_MTF_EXP_2_2.txt","isolate_37_24HR_UT_BRep2"
"258","256178610179_Ferdig_Agilent_5.11.18_S01_GE1_Dec2014_MTF_EXP_2_3.txt","isolate_31_24HR_DHA_BRep1"
"259","256178610179_Ferdig_Agilent_5.11.18_S01_GE1_Dec2014_MTF_EXP_2_4.txt","isolate_53_24HR_DHA_BRep1"
"260","256178610180_Ferdig_Agilent_5.11.18_S01_GE1_Dec2014_MTF_EXP_1_1.txt","isolate_33_6HR_DHA_BRep1"
"261","256178610180_Ferdig_Agilent_5.11.18_S01_GE1_Dec2014_MTF_EXP_1_2.txt","isolate_47_24HR_DHA_BRep2"
"262","256178610180_Ferdig_Agilent_5.11.18_S01_GE1_Dec2014_MTF_EXP_1_3.txt","isolate_23_6HR_UT_BRep1"
"263","256178610180_Ferdig_Agilent_5.11.18_S01_GE1_Dec2014_MTF_EXP_1_4.txt","isolate_47_6HR_DHA_BRep2"
"264","256178610180_Ferdig_Agilent_5.11.18_S01_GE1_Dec2014_MTF_EXP_2_1.txt","isolate_50_6HR_DHA_BRep1"
"265","256178610180_Ferdig_Agilent_5.11.18_S01_GE1_Dec2014_MTF_EXP_2_2.txt","isolate_27_6HR_UT_BRep3"
"266","256178610180_Ferdig_Agilent_5.11.18_S01_GE1_Dec2014_MTF_EXP_2_3.txt","isolate_03_24HR_DHA_BRep1"
"267","256178610180_Ferdig_Agilent_5.11.18_S01_GE1_Dec2014_MTF_EXP_2_4.txt","isolate_19_6HR_UT_BRep2"
"268","256178610181_Ferdig_Agilent_5.11.18_S01_GE1_Dec2014_MTF_EXP_1_1.txt","isolate_23_24HR_DHA_BRep2"
"269","256178610181_Ferdig_Agilent_5.11.18_S01_GE1_Dec2014_MTF_EXP_1_2.txt","isolate_37_6HR_UT_BRep2"
"270","256178610181_Ferdig_Agilent_5.11.18_S01_GE1_Dec2014_MTF_EXP_1_3.txt","isolate_02_6HR_DHA_BRep4"
"271","256178610181_Ferdig_Agilent_5.11.18_S01_GE1_Dec2014_MTF_EXP_1_4.txt","isolate_43_6HR_DHA_BRep1"
"272","256178610181_Ferdig_Agilent_5.11.18_S01_GE1_Dec2014_MTF_EXP_2_1.txt","isolate_27_6HR_DHA_BRep7"
"273","256178610181_Ferdig_Agilent_5.11.18_S01_GE1_Dec2014_MTF_EXP_2_2.txt","isolate_50_24HR_DHA_BRep1"
"274","256178610181_Ferdig_Agilent_5.11.18_S01_GE1_Dec2014_MTF_EXP_2_3.txt","isolate_40_6HR_DHA_BRep2"
"275","256178610181_Ferdig_Agilent_5.11.18_S01_GE1_Dec2014_MTF_EXP_2_4.txt","isolate_38_6HR_UT_BRep2"
"276","256178610183_Ferdig_Agilent_5.11.18_S01_GE1_Dec2014_MTF_EXP_1_1.txt","isolate_27_6HR_UT_BRep4"
"277","256178610183_Ferdig_Agilent_5.11.18_S01_GE1_Dec2014_MTF_EXP_1_2.txt","isolate_02_24HR_DHA_BRep4"
"278","256178610183_Ferdig_Agilent_5.11.18_S01_GE1_Dec2014_MTF_EXP_1_3.txt","isolate_50_6HR_DHA_BRep2"
"279","256178610183_Ferdig_Agilent_5.11.18_S01_GE1_Dec2014_MTF_EXP_1_4.txt","isolate_03_6HR_UT_BRep2"
"280","256178610183_Ferdig_Agilent_5.11.18_S01_GE1_Dec2014_MTF_EXP_2_1.txt","isolate_51_24HR_DHA_BRep2"
"281","256178610183_Ferdig_Agilent_5.11.18_S01_GE1_Dec2014_MTF_EXP_2_2.txt","isolate_27_24HR_DHA_BRep5"
"282","256178610183_Ferdig_Agilent_5.11.18_S01_GE1_Dec2014_MTF_EXP_2_3.txt","isolate_37_24HR_DHA_BRep2"
"283","256178610183_Ferdig_Agilent_5.11.18_S01_GE1_Dec2014_MTF_EXP_2_4.txt","isolate_27_24HR_UT_BRep6"
"284","256178610184_Ferdig_Agilent_5.11.18_S01_GE1_Dec2014_MTF_EXP_1_1.txt","isolate_47_24HR_UT_BRep1"
"285","256178610184_Ferdig_Agilent_5.11.18_S01_GE1_Dec2014_MTF_EXP_1_2.txt","isolate_35_24HR_DHA_BRep1"
"286","256178610184_Ferdig_Agilent_5.11.18_S01_GE1_Dec2014_MTF_EXP_1_3.txt","isolate_16_24HR_DHA_BRep2"
"287","256178610184_Ferdig_Agilent_5.11.18_S01_GE1_Dec2014_MTF_EXP_1_4.txt","isolate_02_6HR_UT_BRep4"
"288","256178610184_Ferdig_Agilent_5.11.18_S01_GE1_Dec2014_MTF_EXP_2_1.txt","isolate_02_24HR_UT_BRep3"
"289","256178610184_Ferdig_Agilent_5.11.18_S01_GE1_Dec2014_MTF_EXP_2_2.txt","isolate_51_24HR_DHA_BRep1"
"290","256178610184_Ferdig_Agilent_5.11.18_S01_GE1_Dec2014_MTF_EXP_2_3.txt","isolate_05_24HR_UT_BRep2"
"291","256178610184_Ferdig_Agilent_5.11.18_S01_GE1_Dec2014_MTF_EXP_2_4.txt","isolate_24_24HR_DHA_BRep1"
"292","256178610185_Ferdig_Agilent_5.11.18_S01_GE1_Dec2014_MTF_EXP_1_1.txt","isolate_51_6HR_UT_BRep1"
"293","256178610185_Ferdig_Agilent_5.11.18_S01_GE1_Dec2014_MTF_EXP_1_2.txt","isolate_33_6HR_DHA_BRep2"
"294","256178610185_Ferdig_Agilent_5.11.18_S01_GE1_Dec2014_MTF_EXP_1_3.txt","isolate_27_24HR_DHA_BRep6"
"295","256178610185_Ferdig_Agilent_5.11.18_S01_GE1_Dec2014_MTF_EXP_1_4.txt","isolate_35_24HR_DHA_BRep2"
"296","256178610185_Ferdig_Agilent_5.11.18_S01_GE1_Dec2014_MTF_EXP_2_1.txt","isolate_27_24HR_DHA_BRep8"
"297","256178610185_Ferdig_Agilent_5.11.18_S01_GE1_Dec2014_MTF_EXP_2_2.txt","isolate_39_24HR_DHA_BRep2"
"298","256178610185_Ferdig_Agilent_5.11.18_S01_GE1_Dec2014_MTF_EXP_2_3.txt","isolate_33_24HR_UT_BRep1"
"299","256178610185_Ferdig_Agilent_5.11.18_S01_GE1_Dec2014_MTF_EXP_2_4.txt","isolate_02_24HR_UT_BRep4"
"300","256178610186_Ferdig_Agilent_5.11.18_S01_GE1_Dec2014_MTF_EXP_1_1.txt","isolate_50_24HR_UT_BRep1"
"301","256178610186_Ferdig_Agilent_5.11.18_S01_GE1_Dec2014_MTF_EXP_1_2.txt","isolate_46_24HR_DHA_BRep1"
"302","256178610186_Ferdig_Agilent_5.11.18_S01_GE1_Dec2014_MTF_EXP_1_3.txt","isolate_35_6HR_UT_BRep1"
"303","256178610186_Ferdig_Agilent_5.11.18_S01_GE1_Dec2014_MTF_EXP_1_4.txt","isolate_19_6HR_DHA_BRep2"
"304","256178610186_Ferdig_Agilent_5.11.18_S01_GE1_Dec2014_MTF_EXP_2_1.txt","isolate_51_24HR_UT_BRep1"
"305","256178610186_Ferdig_Agilent_5.11.18_S01_GE1_Dec2014_MTF_EXP_2_2.txt","isolate_50_24HR_UT_BRep2"
"306","256178610187_Ferdig_Agilent_5.11.18_S01_GE1_Dec2014_MTF_EXP_1_1.txt","isolate_03_6HR_DHA_BRep2"
"307","256178610187_Ferdig_Agilent_5.11.18_S01_GE1_Dec2014_MTF_EXP_1_2.txt","isolate_03_24HR_UT_BRep2"
"308","256178610187_Ferdig_Agilent_5.11.18_S01_GE1_Dec2014_MTF_EXP_1_3.txt","isolate_16_24HR_DHA_BRep1"
"309","256178610187_Ferdig_Agilent_5.11.18_S01_GE1_Dec2014_MTF_EXP_1_4.txt","isolate_23_6HR_DHA_BRep1"
"310","256178610187_Ferdig_Agilent_5.11.18_S01_GE1_Dec2014_MTF_EXP_2_1.txt","isolate_27_24HR_DHA_BRep4"
"311","256178610187_Ferdig_Agilent_5.11.18_S01_GE1_Dec2014_MTF_EXP_2_2.txt","isolate_16_6HR_UT_BRep2"
"312","256178610187_Ferdig_Agilent_5.11.18_S01_GE1_Dec2014_MTF_EXP_2_3.txt","isolate_32_6HR_UT_BRep1"
"313","256178610187_Ferdig_Agilent_5.11.18_S01_GE1_Dec2014_MTF_EXP_2_4.txt","isolate_37_6HR_DHA_BRep2"
"314","256178610188_Ferdig_Agilent_5.11.18_S01_GE1_Dec2014_MTF_EXP_1_1.txt","isolate_13_6HR_UT_BRep1"
"315","256178610188_Ferdig_Agilent_5.11.18_S01_GE1_Dec2014_MTF_EXP_1_2.txt","isolate_24_6HR_DHA_BRep2"
"316","256178610188_Ferdig_Agilent_5.11.18_S01_GE1_Dec2014_MTF_EXP_1_3.txt","isolate_40_24HR_DHA_BRep2"
"317","256178610188_Ferdig_Agilent_5.11.18_S01_GE1_Dec2014_MTF_EXP_1_4.txt","isolate_02_24HR_DHA_BRep3"
"318","256178610188_Ferdig_Agilent_5.11.18_S01_GE1_Dec2014_MTF_EXP_2_1.txt","isolate_02_6HR_UT_BRep3"
"319","256178610188_Ferdig_Agilent_5.11.18_S01_GE1_Dec2014_MTF_EXP_2_2.txt","isolate_27_6HR_UT_BRep7"
"320","256178610188_Ferdig_Agilent_5.11.18_S01_GE1_Dec2014_MTF_EXP_2_3.txt","isolate_24_6HR_UT_BRep1"
"321","256178610188_Ferdig_Agilent_5.11.18_S01_GE1_Dec2014_MTF_EXP_2_4.txt","isolate_16_6HR_DHA_BRep1"
"322","256178610189_Ferdig_Agilent_5.11.18_S01_GE1_Dec2014_MTF_EXP_1_1.txt","isolate_13_24HR_DHA_BRep1"
"323","256178610189_Ferdig_Agilent_5.11.18_S01_GE1_Dec2014_MTF_EXP_1_2.txt","isolate_53_6HR_UT_BRep2"
"324","256178610189_Ferdig_Agilent_5.11.18_S01_GE1_Dec2014_MTF_EXP_1_3.txt","isolate_27_6HR_DHA_BRep8"
"325","256178610189_Ferdig_Agilent_5.11.18_S01_GE1_Dec2014_MTF_EXP_1_4.txt","isolate_46_24HR_UT_BRep2"
"326","256178610189_Ferdig_Agilent_5.11.18_S01_GE1_Dec2014_MTF_EXP_2_1.txt","isolate_03_6HR_DHA_BRep1"
"327","256178610189_Ferdig_Agilent_5.11.18_S01_GE1_Dec2014_MTF_EXP_2_2.txt","isolate_35_6HR_DHA_BRep1"
"328","256178610189_Ferdig_Agilent_5.11.18_S01_GE1_Dec2014_MTF_EXP_2_3.txt","isolate_46_24HR_UT_BRep1"
"329","256178610189_Ferdig_Agilent_5.11.18_S01_GE1_Dec2014_MTF_EXP_2_4.txt","isolate_27_6HR_UT_BRep6"
"330","256178610190_Ferdig_Agilent_5.11.18_S01_GE1_Dec2014_MTF_EXP_1_1.txt","isolate_37_6HR_DHA_BRep1"
"331","256178610190_Ferdig_Agilent_5.11.18_S01_GE1_Dec2014_MTF_EXP_1_2.txt","isolate_16_6HR_DHA_BRep2"
"332","256178610190_Ferdig_Agilent_5.11.18_S01_GE1_Dec2014_MTF_EXP_1_3.txt","isolate_32_24HR_DHA_BRep1"
"333","256178610190_Ferdig_Agilent_5.11.18_S01_GE1_Dec2014_MTF_EXP_1_4.txt","isolate_05_24HR_DHA_BRep2"
"334","256178610190_Ferdig_Agilent_5.11.18_S01_GE1_Dec2014_MTF_EXP_2_1.txt","isolate_05_24HR_DHA_BRep1"
"335","256178610190_Ferdig_Agilent_5.11.18_S01_GE1_Dec2014_MTF_EXP_2_2.txt","isolate_40_6HR_UT_BRep1"
"336","256178610190_Ferdig_Agilent_5.11.18_S01_GE1_Dec2014_MTF_EXP_2_3.txt","isolate_27_24HR_UT_BRep8"
"337","256178610190_Ferdig_Agilent_5.11.18_S01_GE1_Dec2014_MTF_EXP_2_4.txt","isolate_36_24HR_DHA_BRep2"
"338","256178610191_Ferdig_Agilent_5.11.18_S01_GE1_Dec2014_MTF_EXP_1_1.txt","isolate_09_24HR_UT_BRep2"
"339","256178610191_Ferdig_Agilent_5.11.18_S01_GE1_Dec2014_MTF_EXP_1_2.txt","isolate_38_24HR_UT_BRep2"
"340","256178610191_Ferdig_Agilent_5.11.18_S01_GE1_Dec2014_MTF_EXP_1_3.txt","isolate_33_6HR_UT_BRep1"
"341","256178610191_Ferdig_Agilent_5.11.18_S01_GE1_Dec2014_MTF_EXP_1_4.txt","isolate_23_24HR_UT_BRep1"
"342","256178610191_Ferdig_Agilent_5.11.18_S01_GE1_Dec2014_MTF_EXP_2_1.txt","isolate_43_24HR_DHA_BRep1"
"343","256178610191_Ferdig_Agilent_5.11.18_S01_GE1_Dec2014_MTF_EXP_2_2.txt","isolate_37_6HR_UT_BRep1"
"344","256178610191_Ferdig_Agilent_5.11.18_S01_GE1_Dec2014_MTF_EXP_2_3.txt","isolate_35_6HR_DHA_BRep2"
"345","256178610191_Ferdig_Agilent_5.11.18_S01_GE1_Dec2014_MTF_EXP_2_4.txt","isolate_38_24HR_DHA_BRep2"
"346","256178610192_Ferdig_Agilent_5.11.18_S01_GE1_Dec2014_MTF_EXP_1_1.txt","isolate_40_24HR_UT_BRep1"
"347","256178610192_Ferdig_Agilent_5.11.18_S01_GE1_Dec2014_MTF_EXP_1_2.txt","isolate_10_24HR_DHA_BRep2"
"348","256178610192_Ferdig_Agilent_5.11.18_S01_GE1_Dec2014_MTF_EXP_1_3.txt","isolate_10_6HR_UT_BRep2"
"349","256178610192_Ferdig_Agilent_5.11.18_S01_GE1_Dec2014_MTF_EXP_1_4.txt","isolate_03_6HR_UT_BRep1"
"350","256178610192_Ferdig_Agilent_5.11.18_S01_GE1_Dec2014_MTF_EXP_2_1.txt","isolate_19_24HR_UT_BRep2"
"351","256178610192_Ferdig_Agilent_5.11.18_S01_GE1_Dec2014_MTF_EXP_2_2.txt","isolate_27_24HR_UT_BRep7"
"352","256178610192_Ferdig_Agilent_5.11.18_S01_GE1_Dec2014_MTF_EXP_2_3.txt","isolate_39_24HR_DHA_BRep1"
"353","256178610192_Ferdig_Agilent_5.11.18_S01_GE1_Dec2014_MTF_EXP_2_4.txt","isolate_39_6HR_UT_BRep2"
"354","256178610193_Ferdig_Agilent_5.11.18_S01_GE1_Dec2014_MTF_EXP_1_1.txt","isolate_05_6HR_DHA_BRep1"
"355","256178610193_Ferdig_Agilent_5.11.18_S01_GE1_Dec2014_MTF_EXP_1_2.txt","isolate_02_6HR_DHA_BRep3"
"356","256178610193_Ferdig_Agilent_5.11.18_S01_GE1_Dec2014_MTF_EXP_1_3.txt","isolate_31_24HR_UT_BRep2"
"357","256178610193_Ferdig_Agilent_5.11.18_S01_GE1_Dec2014_MTF_EXP_1_4.txt","isolate_53_6HR_UT_BRep1"
"358","256178610193_Ferdig_Agilent_5.11.18_S01_GE1_Dec2014_MTF_EXP_2_1.txt","isolate_10_24HR_DHA_BRep1"
"359","256178610193_Ferdig_Agilent_5.11.18_S01_GE1_Dec2014_MTF_EXP_2_2.txt","isolate_13_6HR_UT_BRep2"
"360","256178610193_Ferdig_Agilent_5.11.18_S01_GE1_Dec2014_MTF_EXP_2_3.txt","isolate_38_6HR_DHA_BRep1"
"361","256178610193_Ferdig_Agilent_5.11.18_S01_GE1_Dec2014_MTF_EXP_2_4.txt","isolate_40_6HR_DHA_BRep1"
"362","256178610194_Ferdig_Agilent_5.11.18_S01_GE1_Dec2014_MTF_EXP_1_1.txt","isolate_27_24HR_DHA_BRep7"
"363","256178610194_Ferdig_Agilent_5.11.18_S01_GE1_Dec2014_MTF_EXP_1_2.txt","isolate_43_24HR_DHA_BRep2"
"364","256178610194_Ferdig_Agilent_5.11.18_S01_GE1_Dec2014_MTF_EXP_1_3.txt","isolate_43_24HR_UT_BRep2"
"365","256178610194_Ferdig_Agilent_5.11.18_S01_GE1_Dec2014_MTF_EXP_1_4.txt","isolate_24_6HR_DHA_BRep1"
"366","256178610194_Ferdig_Agilent_5.11.18_S01_GE1_Dec2014_MTF_EXP_2_1.txt","isolate_24_24HR_UT_BRep2"
"367","256178610194_Ferdig_Agilent_5.11.18_S01_GE1_Dec2014_MTF_EXP_2_2.txt","isolate_46_6HR_DHA_BRep1"
"368","256178610194_Ferdig_Agilent_5.11.18_S01_GE1_Dec2014_MTF_EXP_2_3.txt","isolate_47_6HR_UT_BRep2"
"369","256178610194_Ferdig_Agilent_5.11.18_S01_GE1_Dec2014_MTF_EXP_2_4.txt","isolate_16_24HR_UT_BRep2"
"370","256178610195_Ferdig_Agilent_5.11.18_S01_GE1_Dec2014_MTF_EXP_1_1.txt","isolate_47_6HR_DHA_BRep1"
"371","256178610195_Ferdig_Agilent_5.11.18_S01_GE1_Dec2014_MTF_EXP_1_2.txt","isolate_13_6HR_DHA_BRep2"
"372","256178610195_Ferdig_Agilent_5.11.18_S01_GE1_Dec2014_MTF_EXP_1_3.txt","isolate_47_24HR_DHA_BRep1"
"373","256178610195_Ferdig_Agilent_5.11.18_S01_GE1_Dec2014_MTF_EXP_1_4.txt","isolate_37_24HR_UT_BRep1"
"374","256178610195_Ferdig_Agilent_5.11.18_S01_GE1_Dec2014_MTF_EXP_2_1.txt","isolate_32_6HR_DHA_BRep1"
"375","256178610195_Ferdig_Agilent_5.11.18_S01_GE1_Dec2014_MTF_EXP_2_2.txt","isolate_31_24HR_DHA_BRep2"
"376","256178610195_Ferdig_Agilent_5.11.18_S01_GE1_Dec2014_MTF_EXP_2_3.txt","isolate_53_6HR_DHA_BRep1"
"377","256178610195_Ferdig_Agilent_5.11.18_S01_GE1_Dec2014_MTF_EXP_2_4.txt","isolate_40_24HR_UT_BRep2"
"378","256178610196_Ferdig_Agilent_5.11.18_S01_GE1_Dec2014_MTF_EXP_1_1.txt","isolate_32_24HR_DHA_BRep2"
"379","256178610196_Ferdig_Agilent_5.11.18_S01_GE1_Dec2014_MTF_EXP_1_2.txt","isolate_47_6HR_UT_BRep1"
"380","256178610196_Ferdig_Agilent_5.11.18_S01_GE1_Dec2014_MTF_EXP_1_3.txt","isolate_27_6HR_DHA_BRep5"
"381","256178610196_Ferdig_Agilent_5.11.18_S01_GE1_Dec2014_MTF_EXP_1_4.txt","isolate_46_6HR_DHA_BRep2"
"382","256178610196_Ferdig_Agilent_5.11.18_S01_GE1_Dec2014_MTF_EXP_2_1.txt","isolate_27_24HR_DHA_BRep3"
"383","256178610196_Ferdig_Agilent_5.11.18_S01_GE1_Dec2014_MTF_EXP_2_2.txt","isolate_39_6HR_UT_BRep1"
"384","256178610196_Ferdig_Agilent_5.11.18_S01_GE1_Dec2014_MTF_EXP_2_3.txt","isolate_33_6HR_UT_BRep2"
"385","256178610196_Ferdig_Agilent_5.11.18_S01_GE1_Dec2014_MTF_EXP_2_4.txt","isolate_09_6HR_UT_BRep2"
"386","256178610197_Ferdig_Agilent_5.12.18_S01_GE1_Dec2014_MTF_EXP_1_1.txt","isolate_51_6HR_DHA_BRep1"
"387","256178610197_Ferdig_Agilent_5.12.18_S01_GE1_Dec2014_MTF_EXP_1_2.txt","isolate_46_6HR_UT_BRep1"
"388","256178610197_Ferdig_Agilent_5.12.18_S01_GE1_Dec2014_MTF_EXP_1_3.txt","isolate_13_24HR_UT_BRep2"
"389","256178610197_Ferdig_Agilent_5.12.18_S01_GE1_Dec2014_MTF_EXP_1_4.txt","isolate_53_6HR_DHA_BRep2"
"390","256178610197_Ferdig_Agilent_5.12.18_S01_GE1_Dec2014_MTF_EXP_2_1.txt","isolate_27_24HR_UT_BRep3"
"391","256178610197_Ferdig_Agilent_5.12.18_S01_GE1_Dec2014_MTF_EXP_2_2.txt","isolate_24_24HR_UT_BRep1"
"392","256178610197_Ferdig_Agilent_5.12.18_S01_GE1_Dec2014_MTF_EXP_2_3.txt","isolate_10_24HR_UT_BRep2"
"393","256178610197_Ferdig_Agilent_5.12.18_S01_GE1_Dec2014_MTF_EXP_2_4.txt","isolate_53_24HR_UT_BRep1"
"394","256178610198_Ferdig_Agilent_5.12.18_S01_GE1_Dec2014_MTF_EXP_1_1.txt","isolate_50_6HR_UT_BRep1"
"395","256178610198_Ferdig_Agilent_5.12.18_S01_GE1_Dec2014_MTF_EXP_1_2.txt","isolate_05_6HR_UT_BRep1"
"396","256178610198_Ferdig_Agilent_5.12.18_S01_GE1_Dec2014_MTF_EXP_1_3.txt","isolate_38_24HR_DHA_BRep1"
"397","256178610198_Ferdig_Agilent_5.12.18_S01_GE1_Dec2014_MTF_EXP_1_4.txt","isolate_46_24HR_DHA_BRep2"
"398","256178610198_Ferdig_Agilent_5.12.18_S01_GE1_Dec2014_MTF_EXP_2_1.txt","isolate_27_6HR_UT_BRep5"
"399","256178610198_Ferdig_Agilent_5.12.18_S01_GE1_Dec2014_MTF_EXP_2_2.txt","isolate_10_6HR_UT_BRep1"
"400","256178610198_Ferdig_Agilent_5.12.18_S01_GE1_Dec2014_MTF_EXP_2_3.txt","isolate_24_24HR_DHA_BRep2"
"401","256178610198_Ferdig_Agilent_5.12.18_S01_GE1_Dec2014_MTF_EXP_2_4.txt","isolate_09_24HR_UT_BRep1"
"402","256178610199_Ferdig_Agilent_5.12.18_S01_GE1_Dec2014_MTF_EXP_1_1.txt","isolate_43_24HR_UT_BRep1"
"403","256178610199_Ferdig_Agilent_5.12.18_S01_GE1_Dec2014_MTF_EXP_1_2.txt","isolate_05_24HR_UT_BRep1"
"404","256178610199_Ferdig_Agilent_5.12.18_S01_GE1_Dec2014_MTF_EXP_1_3.txt","isolate_43_6HR_UT_BRep2"
"405","256178610199_Ferdig_Agilent_5.12.18_S01_GE1_Dec2014_MTF_EXP_1_4.txt","isolate_46_6HR_UT_BRep2"
"406","256178610199_Ferdig_Agilent_5.12.18_S01_GE1_Dec2014_MTF_EXP_2_1.txt","isolate_10_6HR_DHA_BRep2"
"407","256178610199_Ferdig_Agilent_5.12.18_S01_GE1_Dec2014_MTF_EXP_2_2.txt","isolate_10_24HR_UT_BRep1"
"408","256178610199_Ferdig_Agilent_5.12.18_S01_GE1_Dec2014_MTF_EXP_2_3.txt","isolate_36_6HR_DHA_BRep1"
"409","256178610199_Ferdig_Agilent_5.12.18_S01_GE1_Dec2014_MTF_EXP_2_4.txt","isolate_53_24HR_DHA_BRep2"
"410","256178610200_Ferdig_Agilent_5.12.18_S01_GE1_Dec2014_MTF_EXP_1_1.txt","isolate_51_6HR_UT_BRep2"
"411","256178610200_Ferdig_Agilent_5.12.18_S01_GE1_Dec2014_MTF_EXP_1_2.txt","isolate_24_6HR_UT_BRep2"
"412","256178610200_Ferdig_Agilent_5.12.18_S01_GE1_Dec2014_MTF_EXP_1_3.txt","isolate_39_6HR_DHA_BRep1"
"413","256178610200_Ferdig_Agilent_5.12.18_S01_GE1_Dec2014_MTF_EXP_1_4.txt","isolate_36_24HR_UT_BRep2"
"414","256178610200_Ferdig_Agilent_5.12.18_S01_GE1_Dec2014_MTF_EXP_2_1.txt","isolate_09_6HR_UT_BRep1"
"415","256178610200_Ferdig_Agilent_5.12.18_S01_GE1_Dec2014_MTF_EXP_2_2.txt","isolate_53_24HR_UT_BRep2"
"416","256178610200_Ferdig_Agilent_5.12.18_S01_GE1_Dec2014_MTF_EXP_2_3.txt","isolate_05_6HR_DHA_BRep2"
"417","256178610200_Ferdig_Agilent_5.12.18_S01_GE1_Dec2014_MTF_EXP_2_4.txt","isolate_50_6HR_UT_BRep2"
"418","256178610201_Ferdig_Agilent_5.12.18_S01_GE1_Dec2014_MTF_EXP_1_1.txt","isolate_19_24HR_UT_BRep1"
"419","256178610201_Ferdig_Agilent_5.12.18_S01_GE1_Dec2014_MTF_EXP_1_2.txt","isolate_40_6HR_UT_BRep2"
"420","256178610201_Ferdig_Agilent_5.12.18_S01_GE1_Dec2014_MTF_EXP_1_3.txt","isolate_23_6HR_UT_BRep2"
"421","256178610201_Ferdig_Agilent_5.12.18_S01_GE1_Dec2014_MTF_EXP_1_4.txt","isolate_40_24HR_DHA_BRep1"
"422","256178610201_Ferdig_Agilent_5.12.18_S01_GE1_Dec2014_MTF_EXP_2_1.txt","isolate_27_6HR_DHA_BRep6"
"423","256178610201_Ferdig_Agilent_5.12.18_S01_GE1_Dec2014_MTF_EXP_2_2.txt","isolate_33_24HR_DHA_BRep2"
"424","256178610201_Ferdig_Agilent_5.12.18_S01_GE1_Dec2014_MTF_EXP_2_3.txt","isolate_27_24HR_UT_BRep5"
"425","256178610201_Ferdig_Agilent_5.12.18_S01_GE1_Dec2014_MTF_EXP_2_4.txt","isolate_39_6HR_DHA_BRep2"
"426","256178610202_Ferdig_Agilent_5.12.18_S01_GE1_Dec2014_MTF_EXP_1_1.txt","isolate_44_6HR_DHA_BRep1"
"427","256178610202_Ferdig_Agilent_5.12.18_S01_GE1_Dec2014_MTF_EXP_1_2.txt","isolate_35_24HR_UT_BRep1"
"428","256178610202_Ferdig_Agilent_5.12.18_S01_GE1_Dec2014_MTF_EXP_1_3.txt","isolate_36_24HR_UT_BRep1"
"429","256178610202_Ferdig_Agilent_5.12.18_S01_GE1_Dec2014_MTF_EXP_1_4.txt","isolate_09_6HR_DHA_BRep2"
"430","256178610202_Ferdig_Agilent_5.12.18_S01_GE1_Dec2014_MTF_EXP_2_1.txt","isolate_32_6HR_DHA_BRep2"
"431","256178610202_Ferdig_Agilent_5.12.18_S01_GE1_Dec2014_MTF_EXP_2_2.txt","isolate_50_24HR_DHA_BRep2"
"432","256178610202_Ferdig_Agilent_5.12.18_S01_GE1_Dec2014_MTF_EXP_2_3.txt","isolate_31_6HR_DHA_BRep1"
"433","256178610202_Ferdig_Agilent_5.12.18_S01_GE1_Dec2014_MTF_EXP_2_4.txt","isolate_16_6HR_UT_BRep1"
"434","256178610203_Ferdig_Agilent_5.12.18_S01_GE1_Dec2014_MTF_EXP_1_1.txt","isolate_36_6HR_DHA_BRep2"
"435","256178610203_Ferdig_Agilent_5.12.18_S01_GE1_Dec2014_MTF_EXP_1_2.txt","isolate_05_6HR_UT_BRep2"
"436","256178610203_Ferdig_Agilent_5.12.18_S01_GE1_Dec2014_MTF_EXP_1_3.txt","isolate_43_6HR_DHA_BRep2"
"437","256178610203_Ferdig_Agilent_5.12.18_S01_GE1_Dec2014_MTF_EXP_1_4.txt","isolate_32_6HR_UT_BRep2"
"438","256178610203_Ferdig_Agilent_5.12.18_S01_GE1_Dec2014_MTF_EXP_2_1.txt","isolate_44_6HR_UT_BRep1"
"439","256178610203_Ferdig_Agilent_5.12.18_S01_GE1_Dec2014_MTF_EXP_2_2.txt","isolate_32_24HR_UT_BRep2"
"440","256178610203_Ferdig_Agilent_5.12.18_S01_GE1_Dec2014_MTF_EXP_2_3.txt","isolate_19_6HR_DHA_BRep1"
"441","256178610203_Ferdig_Agilent_5.12.18_S01_GE1_Dec2014_MTF_EXP_2_4.txt","isolate_19_24HR_DHA_BRep2"
"442","256178610204_Ferdig_Agilent_5.12.18_S01_GE1_Dec2014_MTF_EXP_1_1.txt","isolate_23_24HR_DHA_BRep1"
"443","256178610204_Ferdig_Agilent_5.12.18_S01_GE1_Dec2014_MTF_EXP_1_2.txt","isolate_27_6HR_UT_BRep8"
"444","256178610204_Ferdig_Agilent_5.12.18_S01_GE1_Dec2014_MTF_EXP_1_3.txt","isolate_09_24HR_DHA_BRep1"
"445","256178610204_Ferdig_Agilent_5.12.18_S01_GE1_Dec2014_MTF_EXP_1_4.txt","isolate_44_6HR_DHA_BRep2"
"446","256178610204_Ferdig_Agilent_5.12.18_S01_GE1_Dec2014_MTF_EXP_2_1.txt","isolate_03_24HR_DHA_BRep2"
"447","256178610204_Ferdig_Agilent_5.12.18_S01_GE1_Dec2014_MTF_EXP_2_2.txt","isolate_44_24HR_DHA_BRep1"
"448","256178610204_Ferdig_Agilent_5.12.18_S01_GE1_Dec2014_MTF_EXP_2_3.txt","isolate_38_6HR_UT_BRep1"
"449","256178610204_Ferdig_Agilent_5.12.18_S01_GE1_Dec2014_MTF_EXP_2_4.txt","isolate_44_24HR_DHA_BRep2"
"450","256178610205_Ferdig_Agilent_5.12.18_S01_GE1_Dec2014_MTF_EXP_1_1.txt","isolate_44_24HR_UT_BRep1"
"451","256178610205_Ferdig_Agilent_5.12.18_S01_GE1_Dec2014_MTF_EXP_1_2.txt","isolate_31_6HR_UT_BRep1"
"452","256178610205_Ferdig_Agilent_5.12.18_S01_GE1_Dec2014_MTF_EXP_1_3.txt","isolate_16_24HR_UT_BRep1"
"453","256178610205_Ferdig_Agilent_5.12.18_S01_GE1_Dec2014_MTF_EXP_1_4.txt","isolate_09_6HR_DHA_BRep1"
"454","256178610205_Ferdig_Agilent_5.12.18_S01_GE1_Dec2014_MTF_EXP_2_1.txt","isolate_33_24HR_UT_BRep2"
"455","256178610205_Ferdig_Agilent_5.12.18_S01_GE1_Dec2014_MTF_EXP_2_2.txt","isolate_03_24HR_UT_BRep1"
"456","256178610205_Ferdig_Agilent_5.12.18_S01_GE1_Dec2014_MTF_EXP_2_3.txt","isolate_27_6HR_DHA_BRep4"
"457","256178610205_Ferdig_Agilent_5.12.18_S01_GE1_Dec2014_MTF_EXP_2_4.txt","isolate_37_24HR_DHA_BRep1"
"458","256178610206_Ferdig_Agilent_5.12.18_S01_GE1_Dec2014_MTF_EXP_1_1.txt","isolate_33_24HR_DHA_BRep1"
"459","256178610206_Ferdig_Agilent_5.12.18_S01_GE1_Dec2014_MTF_EXP_1_2.txt","isolate_31_6HR_DHA_BRep2"
"460","256178610206_Ferdig_Agilent_5.12.18_S01_GE1_Dec2014_MTF_EXP_1_3.txt","isolate_44_24HR_UT_BRep2"
"461","256178610206_Ferdig_Agilent_5.12.18_S01_GE1_Dec2014_MTF_EXP_1_4.txt","isolate_27_24HR_UT_BRep4"
"462","256178610206_Ferdig_Agilent_5.12.18_S01_GE1_Dec2014_MTF_EXP_2_1.txt","isolate_32_24HR_UT_BRep1"
"463","256178610206_Ferdig_Agilent_5.12.18_S01_GE1_Dec2014_MTF_EXP_2_2.txt","isolate_38_24HR_UT_BRep1"
"464","256178610206_Ferdig_Agilent_5.12.18_S01_GE1_Dec2014_MTF_EXP_2_3.txt","isolate_13_24HR_UT_BRep1"
"465","256178610206_Ferdig_Agilent_5.12.18_S01_GE1_Dec2014_MTF_EXP_2_4.txt","isolate_34_6HR_UT_BRep2"
"466","256178610207_Ferdig_Agilent_5.25.18_S01_GE1_Dec2014_MTF_EXP_1_1.txt","isolate_36_24HR_DHA_BRep1"
"467","256178610207_Ferdig_Agilent_5.25.18_S01_GE1_Dec2014_MTF_EXP_1_3.txt","isolate_13_24HR_DHA_BRep2"
"468","256178610207_Ferdig_Agilent_5.25.18_S01_GE1_Dec2014_MTF_EXP_1_4.txt","isolate_43_6HR_UT_BRep1"
"469","256178610207_Ferdig_Agilent_5.25.18_S01_GE1_Dec2014_MTF_EXP_2_1.txt","isolate_13_6HR_DHA_BRep1"
"470","256178610207_Ferdig_Agilent_5.25.18_S01_GE1_Dec2014_MTF_EXP_2_2.txt","isolate_51_6HR_DHA_BRep2"
"471","256178610207_Ferdig_Agilent_5.25.18_S01_GE1_Dec2014_MTF_EXP_2_3.txt","isolate_19_6HR_UT_BRep1"
"472","256178610207_Ferdig_Agilent_5.25.18_S01_GE1_Dec2014_MTF_EXP_2_4.txt","isolate_23_6HR_DHA_BRep2"
